e,avg_steps,e^2 * avg_steps
0.1,1845.093,18.45093
0.09,2425.962,19.6502922
0.08,2908.035,18.611424
0.07,3993.81,19.569669
0.06,5119.66,18.430776
0.05,7543.809,18.8595225
0.04,11337.567,18.1401072
0.03,21829.741,19.6467669
0.02,45140.62,18.056248
0.01,172250.852,17.2250852
