n,p,e,avg_steps,e^2 * avg_steps
4,0.7,0.1,1137.873,11.37873
4,0.7,0.09,1326.409,10.7439129
4,0.7,0.08,1709.825,10.94288
4,0.7,0.07,2196.239,10.7615711
4,0.7,0.06,3002.884,10.8103824
4,0.7,0.05,4259.679,10.6491975
4,0.7,0.04,6654.925,10.64788
4,0.7,0.03,11745.879,10.5712911
4,0.7,0.02,26720.636,10.6882544
4,0.7,0.01,109306.864,10.9306864
